Date,Year,Month,Region,Sales Rep,Brand,Customer Industry,Sales Channel,Sales Value,,
1/1/2013,2013,January,Malaysia,Martha,Alpha,Banking,Telesales,306,,
1/1/2013,2013,January,India,Jenny,Gamma,Retail,Partner,431,,
1/3/2013,2013,January,Malaysia,Jenny,Alpha,Telecom,Partner,754,,
1/3/2013,2013,January,Singapore,Alex,Gamma,Electronics,Online,713,,
1/3/2013,2013,January,Singapore,Martha,Gamma,Healthcare,Online,185,,
1/4/2013,2013,January,Malaysia,Rose,Beta,Retail,Direct,210,,
1/5/2013,2013,January,Korea,Jenny,Beta,Telecom,Direct,712,,
1/6/2013,2013,January,Korea,Mike,Chi,Banking,Online,428,,
1/11/2013,2013,January,India,Mike,Chi,Electronics,Online,272,,
1/12/2013,2013,January,India,Alex,Chi,Healthcare,Online,538,,
1/12/2013,2013,January,India,Glen,Gamma,Banking,Direct,283,,
1/13/2013,2013,January,China,Chang,Chi,Telecom,Telesales,132,,
1/14/2013,2013,January,Malaysia,Mike,Beta,Banking,Direct,776,,
1/14/2013,2013,January,Canada,Mike,Gamma,Telecom,Direct,619,,
1/14/2013,2013,January,Canada,Rose,Alpha,Electronics,Partner,411,,
1/16/2013,2013,January,Canada,Jenny,Gamma,Healthcare,Partner,368,,
1/17/2013,2013,January,China,Alex,Alpha,Electronics,Online,933,,
1/20/2013,2013,January,China,Chang,Chi,Telecom,Direct,586,,
1/21/2013,2013,January,Singapore,Jenny,Beta,Telecom,Telesales,183,,
1/25/2013,2013,January,Singapore,Glen,Gamma,Electronics,Partner,340,,
1/26/2013,2013,January,Singapore,Mike,Gamma,Healthcare,Partner,305,,
1/29/2013,2013,January,China,Rose,Alpha,Electronics,Telesales,480,,
1/29/2013,2013,January,US,Mike,Chi,Banking,Online,645,,
2/1/2013,2013,February,Korea,Martha,Chi,Telecom,Telesales,768,,
2/2/2013,2013,February,China,Alex,Beta,Healthcare,Telesales,707,,
2/3/2013,2013,February,India,Jenny,Gamma,Retail,Direct,677,,
2/3/2013,2013,February,Malaysia,Jenny,Gamma,Electronics,Online,985,,
2/5/2013,2013,February,India,Martha,Chi,Electronics,Direct,559,,
2/5/2013,2013,February,China,Chang,Chi,Telecom,Telesales,627,,
2/5/2013,2013,February,Malaysia,Jenny,Chi,Electronics,Telesales,871,,
2/10/2013,2013,February,US,Alex,Alpha,Telecom,Partner,406,,
2/14/2013,2013,February,India,Martha,Chi,Retail,Online,609,,
2/15/2013,2013,February,Singapore,Glen,Chi,Retail,Direct,593,,
2/15/2013,2013,February,Korea,Rose,Alpha,Healthcare,Telesales,466,,
2/15/2013,2013,February,China,Mike,Beta,Banking,Partner,331,,
2/18/2013,2013,February,India,Alex,Chi,Retail,Partner,810,,
2/22/2013,2013,February,Malaysia,Martha,Alpha,Telecom,Direct,878,,
2/22/2013,2013,February,Korea,Martha,Gamma,Banking,Telesales,456,,
2/22/2013,2013,February,Singapore,Rose,Chi,Banking,Direct,937,,
2/23/2013,2013,February,India,Chang,Beta,Healthcare,Partner,590,,
2/23/2013,2013,February,Malaysia,Jenny,Beta,Healthcare,Partner,204,,
2/24/2013,2013,February,India,Jenny,Beta,Banking,Partner,920,,
2/27/2013,2013,February,Canada,Alex,Beta,Telecom,Online,448,,
2/28/2013,2013,February,Singapore,Alex,Beta,Banking,Telesales,743,,
3/6/2013,2013,March,US,Jenny,Beta,Banking,Online,906,,
3/8/2013,2013,March,Canada,Rose,Alpha,Healthcare,Partner,678,,
3/9/2013,2013,March,US,Alex,Beta,Electronics,Online,829,,
3/9/2013,2013,March,Korea,Martha,Beta,Banking,Online,584,,
3/11/2013,2013,March,US,Rose,Chi,Banking,Telesales,956,,
3/14/2013,2013,March,US,Alex,Gamma,Banking,Direct,168,,
3/14/2013,2013,March,China,Chang,Alpha,Healthcare,Online,473,,
3/17/2013,2013,March,Korea,Glen,Gamma,Electronics,Online,173,,
3/17/2013,2013,March,Singapore,Martha,Chi,Banking,Telesales,773,,
3/19/2013,2013,March,Canada,Jenny,Alpha,Telecom,Online,152,,
3/21/2013,2013,March,Korea,Glen,Beta,Retail,Direct,590,,
3/23/2013,2013,March,Malaysia,Alex,Beta,Banking,Online,160,,
3/24/2013,2013,March,China,Glen,Beta,Healthcare,Online,240,,
3/24/2013,2013,March,Korea,Rose,Alpha,Healthcare,Partner,143,,
3/25/2013,2013,March,Canada,Chang,Gamma,Healthcare,Direct,168,,
3/25/2013,2013,March,US,Chang,Alpha,Electronics,Direct,718,,
3/27/2013,2013,March,US,Chang,Alpha,Telecom,Direct,332,,
3/27/2013,2013,March,Canada,Rose,Alpha,Electronics,Online,104,,
3/28/2013,2013,March,Malaysia,Glen,Alpha,Retail,Telesales,745,,
3/28/2013,2013,March,India,Alex,Chi,Healthcare,Partner,985,,
3/30/2013,2013,March,India,Chang,Beta,Electronics,Partner,604,,
4/1/2013,2013,April,Malaysia,Jenny,Beta,Banking,Online,820,,
4/2/2013,2013,April,Malaysia,Glen,Beta,Healthcare,Telesales,406,,
4/4/2013,2013,April,Malaysia,Glen,Chi,Healthcare,Online,697,,
4/5/2013,2013,April,India,Rose,Gamma,Banking,Telesales,333,,
4/5/2013,2013,April,Canada,Martha,Beta,Healthcare,Telesales,869,,
4/6/2013,2013,April,US,Martha,Alpha,Electronics,Online,804,,
4/6/2013,2013,April,India,Alex,Beta,Healthcare,Direct,490,,
4/8/2013,2013,April,Malaysia,Mike,Chi,Electronics,Telesales,644,,
4/9/2013,2013,April,India,Martha,Alpha,Telecom,Telesales,765,,
4/11/2013,2013,April,US,Chang,Chi,Electronics,Direct,481,,
4/12/2013,2013,April,Singapore,Glen,Beta,Retail,Partner,909,,
4/12/2013,2013,April,Canada,Mike,Beta,Electronics,Direct,454,,
4/12/2013,2013,April,Singapore,Martha,Beta,Retail,Partner,930,,
4/14/2013,2013,April,Malaysia,Chang,Beta,Electronics,Partner,378,,
4/17/2013,2013,April,Korea,Jenny,Gamma,Banking,Partner,245,,
4/19/2013,2013,April,Malaysia,Martha,Alpha,Healthcare,Online,748,,
4/19/2013,2013,April,China,Chang,Alpha,Retail,Direct,425,,
4/19/2013,2013,April,Korea,Glen,Beta,Retail,Partner,116,,
4/20/2013,2013,April,India,Mike,Gamma,Retail,Direct,671,,
4/23/2013,2013,April,Singapore,Alex,Beta,Healthcare,Direct,316,,
4/23/2013,2013,April,Malaysia,Martha,Alpha,Electronics,Direct,304,,
4/24/2013,2013,April,India,Martha,Beta,Telecom,Online,129,,
4/24/2013,2013,April,Korea,Rose,Gamma,Electronics,Direct,769,,
4/24/2013,2013,April,Singapore,Jenny,Chi,Healthcare,Telesales,951,,
4/26/2013,2013,April,China,Rose,Beta,Banking,Telesales,1000,,
5/1/2013,2013,May,China,Alex,Beta,Retail,Partner,509,,
5/3/2013,2013,May,India,Martha,Gamma,Retail,Direct,187,,
5/3/2013,2013,May,Singapore,Alex,Alpha,Healthcare,Direct,710,,
5/3/2013,2013,May,India,Jenny,Chi,Telecom,Direct,200,,
5/3/2013,2013,May,Singapore,Mike,Alpha,Electronics,Telesales,860,,
5/6/2013,2013,May,Korea,Chang,Alpha,Retail,Partner,345,,
5/11/2013,2013,May,US,Rose,Alpha,Electronics,Telesales,648,,
5/11/2013,2013,May,US,Chang,Gamma,Telecom,Online,228,,
5/12/2013,2013,May,Singapore,Alex,Gamma,Retail,Online,279,,
5/13/2013,2013,May,China,Jenny,Gamma,Healthcare,Telesales,430,,
5/14/2013,2013,May,Malaysia,Rose,Gamma,Telecom,Telesales,992,,
5/15/2013,2013,May,China,Jenny,Alpha,Retail,Telesales,756,,
5/17/2013,2013,May,Malaysia,Mike,Alpha,Banking,Online,777,,
5/18/2013,2013,May,Singapore,Jenny,Chi,Telecom,Partner,762,,
5/20/2013,2013,May,Malaysia,Martha,Chi,Healthcare,Direct,608,,
5/21/2013,2013,May,Singapore,Rose,Gamma,Banking,Telesales,606,,
5/22/2013,2013,May,Malaysia,Alex,Gamma,Electronics,Online,783,,
5/22/2013,2013,May,US,Alex,Chi,Telecom,Direct,975,,
5/23/2013,2013,May,US,Alex,Beta,Telecom,Telesales,410,,
5/23/2013,2013,May,US,Jenny,Beta,Telecom,Telesales,183,,
5/23/2013,2013,May,India,Glen,Gamma,Retail,Telesales,716,,
5/25/2013,2013,May,Korea,Glen,Beta,Banking,Partner,521,,
5/27/2013,2013,May,China,Glen,Alpha,Electronics,Direct,756,,
5/28/2013,2013,May,Singapore,Chang,Gamma,Banking,Partner,661,,
5/28/2013,2013,May,Singapore,Alex,Alpha,Telecom,Online,336,,
5/28/2013,2013,May,India,Jenny,Alpha,Healthcare,Online,676,,
5/29/2013,2013,May,India,Alex,Chi,Telecom,Partner,371,,
5/29/2013,2013,May,Canada,Rose,Beta,Banking,Online,403,,
5/31/2013,2013,May,Canada,Glen,Gamma,Retail,Partner,931,,
6/2/2013,2013,June,US,Mike,Gamma,Electronics,Online,940,,
6/3/2013,2013,June,China,Martha,Chi,Retail,Partner,789,,
6/3/2013,2013,June,Singapore,Rose,Alpha,Banking,Direct,507,,
6/3/2013,2013,June,US,Jenny,Beta,Banking,Telesales,170,,
6/4/2013,2013,June,Singapore,Glen,Chi,Telecom,Direct,763,,
6/5/2013,2013,June,India,Alex,Alpha,Retail,Online,199,,
6/5/2013,2013,June,Canada,Jenny,Gamma,Banking,Telesales,711,,
6/5/2013,2013,June,Korea,Jenny,Alpha,Electronics,Direct,731,,
6/5/2013,2013,June,US,Jenny,Alpha,Banking,Online,641,,
6/6/2013,2013,June,China,Alex,Gamma,Retail,Telesales,608,,
6/10/2013,2013,June,US,Martha,Gamma,Banking,Telesales,455,,
6/10/2013,2013,June,Canada,Mike,Gamma,Electronics,Partner,766,,
6/11/2013,2013,June,Canada,Chang,Gamma,Retail,Telesales,626,,
6/14/2013,2013,June,Malaysia,Martha,Chi,Telecom,Partner,235,,
6/17/2013,2013,June,Singapore,Rose,Alpha,Electronics,Partner,782,,
6/18/2013,2013,June,India,Chang,Chi,Banking,Telesales,814,,
6/19/2013,2013,June,India,Alex,Chi,Retail,Partner,156,,
6/20/2013,2013,June,Korea,Martha,Beta,Banking,Online,372,,
6/21/2013,2013,June,China,Alex,Alpha,Retail,Online,835,,
6/22/2013,2013,June,China,Rose,Beta,Retail,Partner,112,,
6/24/2013,2013,June,Canada,Alex,Alpha,Retail,Direct,249,,
6/24/2013,2013,June,China,Chang,Alpha,Healthcare,Partner,117,,
6/25/2013,2013,June,Korea,Glen,Gamma,Healthcare,Online,449,,
6/27/2013,2013,June,Korea,Glen,Gamma,Electronics,Online,611,,
6/27/2013,2013,June,India,Mike,Alpha,Electronics,Online,777,,
6/27/2013,2013,June,China,Jenny,Chi,Healthcare,Online,795,,
6/28/2013,2013,June,Canada,Rose,Gamma,Electronics,Direct,545,,
6/28/2013,2013,June,Korea,Jenny,Beta,Banking,Direct,584,,
6/28/2013,2013,June,China,Martha,Gamma,Retail,Telesales,945,,
6/30/2013,2013,June,China,Jenny,Chi,Electronics,Direct,131,,
6/30/2013,2013,June,Malaysia,Rose,Chi,Electronics,Telesales,952,,
7/1/2013,2013,July,Canada,Glen,Alpha,Banking,Online,831,,
7/1/2013,2013,July,Canada,Jenny,Gamma,Healthcare,Telesales,975,,
7/1/2013,2013,July,Singapore,Mike,Gamma,Telecom,Direct,854,,
7/3/2013,2013,July,Malaysia,Glen,Gamma,Electronics,Online,475,,
7/4/2013,2013,July,Singapore,Jenny,Alpha,Telecom,Direct,822,,
7/6/2013,2013,July,US,Glen,Beta,Telecom,Direct,110,,
7/6/2013,2013,July,Malaysia,Glen,Gamma,Banking,Online,527,,
7/8/2013,2013,July,China,Martha,Beta,Retail,Direct,582,,
7/9/2013,2013,July,Canada,Alex,Alpha,Electronics,Telesales,646,,
7/9/2013,2013,July,Singapore,Glen,Alpha,Retail,Partner,990,,
7/9/2013,2013,July,Malaysia,Alex,Chi,Telecom,Online,207,,
7/10/2013,2013,July,US,Glen,Alpha,Banking,Direct,487,,
7/10/2013,2013,July,Singapore,Alex,Beta,Electronics,Partner,801,,
7/10/2013,2013,July,US,Jenny,Alpha,Retail,Partner,545,,
7/11/2013,2013,July,China,Alex,Alpha,Healthcare,Direct,451,,
7/12/2013,2013,July,India,Glen,Beta,Telecom,Direct,316,,
7/12/2013,2013,July,Singapore,Jenny,Alpha,Electronics,Online,858,,
7/13/2013,2013,July,US,Mike,Gamma,Telecom,Direct,624,,
7/14/2013,2013,July,Malaysia,Alex,Chi,Telecom,Direct,713,,
7/14/2013,2013,July,Canada,Mike,Alpha,Telecom,Partner,375,,
7/15/2013,2013,July,India,Martha,Alpha,Electronics,Telesales,361,,
7/18/2013,2013,July,Canada,Mike,Gamma,Telecom,Partner,980,,
7/18/2013,2013,July,China,Chang,Alpha,Electronics,Partner,492,,
7/20/2013,2013,July,Korea,Alex,Beta,Retail,Direct,453,,
7/20/2013,2013,July,Canada,Jenny,Alpha,Healthcare,Direct,958,,
7/20/2013,2013,July,US,Alex,Chi,Banking,Online,497,,
7/20/2013,2013,July,Korea,Rose,Gamma,Healthcare,Telesales,187,,
7/22/2013,2013,July,China,Glen,Alpha,Banking,Partner,141,,
7/24/2013,2013,July,US,Rose,Beta,Telecom,Telesales,434,,
7/26/2013,2013,July,US,Glen,Gamma,Retail,Direct,532,,
7/26/2013,2013,July,India,Rose,Chi,Retail,Online,752,,
7/27/2013,2013,July,US,Alex,Beta,Retail,Telesales,955,,
7/29/2013,2013,July,China,Martha,Alpha,Banking,Online,603,,
8/2/2013,2013,August,Korea,Mike,Beta,Electronics,Direct,665,,
8/3/2013,2013,August,US,Jenny,Gamma,Banking,Telesales,993,,
8/3/2013,2013,August,Singapore,Mike,Alpha,Telecom,Partner,502,,
8/4/2013,2013,August,India,Alex,Beta,Telecom,Partner,919,,
8/5/2013,2013,August,Canada,Glen,Beta,Retail,Online,953,,
8/7/2013,2013,August,US,Rose,Alpha,Electronics,Online,249,,
8/7/2013,2013,August,US,Jenny,Gamma,Healthcare,Direct,478,,
8/8/2013,2013,August,Singapore,Jenny,Beta,Banking,Partner,814,,
8/8/2013,2013,August,Malaysia,Rose,Alpha,Telecom,Online,911,,
8/8/2013,2013,August,US,Alex,Beta,Electronics,Online,680,,
8/10/2013,2013,August,Malaysia,Mike,Chi,Electronics,Partner,714,,
8/10/2013,2013,August,China,Glen,Alpha,Electronics,Telesales,266,,
8/11/2013,2013,August,Korea,Jenny,Beta,Healthcare,Direct,710,,
8/13/2013,2013,August,Malaysia,Rose,Beta,Electronics,Partner,406,,
8/14/2013,2013,August,India,Martha,Gamma,Healthcare,Telesales,842,,
8/15/2013,2013,August,India,Glen,Chi,Banking,Telesales,305,,
8/16/2013,2013,August,Malaysia,Alex,Gamma,Electronics,Partner,451,,
8/16/2013,2013,August,India,Mike,Chi,Retail,Direct,386,,
8/18/2013,2013,August,US,Jenny,Gamma,Banking,Direct,494,,
8/19/2013,2013,August,Singapore,Chang,Alpha,Healthcare,Telesales,486,,
8/20/2013,2013,August,China,Glen,Chi,Retail,Partner,494,,
8/21/2013,2013,August,Malaysia,Alex,Beta,Electronics,Direct,188,,
8/22/2013,2013,August,US,Glen,Gamma,Telecom,Telesales,699,,
8/22/2013,2013,August,Canada,Alex,Gamma,Electronics,Telesales,741,,
8/23/2013,2013,August,China,Rose,Gamma,Retail,Online,495,,
8/23/2013,2013,August,US,Mike,Gamma,Electronics,Direct,547,,
8/24/2013,2013,August,Korea,Jenny,Beta,Banking,Partner,218,,
8/26/2013,2013,August,Korea,Alex,Chi,Electronics,Online,657,,
8/27/2013,2013,August,India,Chang,Beta,Electronics,Online,110,,
8/27/2013,2013,August,Malaysia,Mike,Alpha,Retail,Direct,757,,
8/28/2013,2013,August,US,Mike,Beta,Retail,Direct,717,,
8/28/2013,2013,August,Korea,Chang,Chi,Healthcare,Direct,449,,
8/29/2013,2013,August,India,Alex,Beta,Banking,Direct,816,,
9/1/2013,2013,September,Canada,Chang,Chi,Banking,Direct,118,,
9/1/2013,2013,September,Singapore,Martha,Alpha,Banking,Direct,483,,
9/2/2013,2013,September,Canada,Alex,Gamma,Healthcare,Telesales,422,,
9/2/2013,2013,September,US,Chang,Chi,Retail,Telesales,586,,
9/3/2013,2013,September,Malaysia,Rose,Beta,Electronics,Partner,169,,
9/3/2013,2013,September,Canada,Jenny,Gamma,Retail,Telesales,576,,
9/5/2013,2013,September,US,Martha,Gamma,Retail,Online,841,,
9/6/2013,2013,September,Canada,Mike,Beta,Banking,Direct,812,,
9/6/2013,2013,September,India,Glen,Beta,Banking,Partner,974,,
9/7/2013,2013,September,Singapore,Glen,Beta,Healthcare,Online,726,,
9/7/2013,2013,September,Singapore,Martha,Beta,Banking,Direct,436,,
9/9/2013,2013,September,Korea,Rose,Gamma,Banking,Telesales,854,,
9/10/2013,2013,September,US,Chang,Alpha,Healthcare,Telesales,496,,
9/12/2013,2013,September,US,Chang,Chi,Banking,Partner,776,,
9/12/2013,2013,September,Korea,Martha,Alpha,Telecom,Direct,918,,
9/13/2013,2013,September,Singapore,Glen,Alpha,Electronics,Partner,173,,
9/13/2013,2013,September,Singapore,Alex,Beta,Telecom,Online,608,,
9/22/2013,2013,September,China,Rose,Alpha,Telecom,Telesales,520,,
9/23/2013,2013,September,Canada,Chang,Chi,Banking,Partner,382,,
9/25/2013,2013,September,India,Martha,Alpha,Banking,Direct,459,,
9/25/2013,2013,September,China,Glen,Chi,Retail,Telesales,862,,
9/25/2013,2013,September,India,Martha,Beta,Retail,Partner,501,,
9/26/2013,2013,September,Singapore,Martha,Gamma,Telecom,Direct,757,,
9/27/2013,2013,September,Korea,Mike,Alpha,Telecom,Online,484,,
9/28/2013,2013,September,Singapore,Mike,Chi,Retail,Telesales,404,,
9/28/2013,2013,September,Singapore,Jenny,Beta,Retail,Partner,632,,
10/1/2013,2013,October,Singapore,Martha,Alpha,Telecom,Partner,640,,
10/3/2013,2013,October,Korea,Martha,Alpha,Retail,Telesales,683,,
10/4/2013,2013,October,Singapore,Glen,Gamma,Retail,Online,534,,
10/5/2013,2013,October,Singapore,Glen,Alpha,Banking,Telesales,735,,
10/7/2013,2013,October,Canada,Jenny,Beta,Healthcare,Telesales,260,,
10/8/2013,2013,October,Canada,Glen,Gamma,Retail,Telesales,985,,
10/9/2013,2013,October,Canada,Chang,Alpha,Electronics,Telesales,156,,
10/10/2013,2013,October,Canada,Chang,Chi,Healthcare,Direct,936,,
10/11/2013,2013,October,Malaysia,Mike,Chi,Electronics,Online,131,,
10/12/2013,2013,October,Canada,Chang,Gamma,Banking,Telesales,940,,
10/12/2013,2013,October,US,Alex,Beta,Banking,Direct,516,,
10/13/2013,2013,October,China,Chang,Alpha,Banking,Direct,832,,
10/14/2013,2013,October,India,Mike,Chi,Electronics,Partner,174,,
10/17/2013,2013,October,Malaysia,Rose,Beta,Healthcare,Telesales,607,,
10/19/2013,2013,October,Singapore,Chang,Beta,Healthcare,Telesales,579,,
10/23/2013,2013,October,Singapore,Rose,Chi,Healthcare,Telesales,497,,
10/23/2013,2013,October,Korea,Martha,Beta,Banking,Telesales,898,,
10/25/2013,2013,October,China,Rose,Beta,Banking,Online,795,,
10/25/2013,2013,October,Canada,Martha,Gamma,Healthcare,Online,101,,
10/27/2013,2013,October,Malaysia,Mike,Gamma,Electronics,Online,206,,
10/29/2013,2013,October,China,Rose,Gamma,Retail,Direct,818,,
10/29/2013,2013,October,Singapore,Rose,Alpha,Healthcare,Online,111,,
10/30/2013,2013,October,Canada,Glen,Chi,Electronics,Partner,192,,
10/31/2013,2013,October,US,Martha,Alpha,Retail,Telesales,146,,
11/4/2013,2013,November,Singapore,Jenny,Gamma,Retail,Direct,735,,
11/4/2013,2013,November,Malaysia,Rose,Beta,Retail,Direct,644,,
11/6/2013,2013,November,Singapore,Glen,Gamma,Healthcare,Direct,979,,
11/7/2013,2013,November,China,Jenny,Gamma,Banking,Partner,602,,
11/8/2013,2013,November,Singapore,Martha,Alpha,Retail,Partner,220,,
11/8/2013,2013,November,Malaysia,Jenny,Gamma,Electronics,Telesales,408,,
11/9/2013,2013,November,Malaysia,Glen,Beta,Retail,Direct,756,,
11/9/2013,2013,November,China,Mike,Beta,Electronics,Direct,615,,
11/11/2013,2013,November,Korea,Alex,Chi,Healthcare,Partner,766,,
11/13/2013,2013,November,Singapore,Glen,Beta,Telecom,Direct,399,,
11/19/2013,2013,November,India,Mike,Beta,Telecom,Online,508,,
11/20/2013,2013,November,China,Martha,Beta,Retail,Telesales,640,,
11/20/2013,2013,November,Korea,Jenny,Chi,Healthcare,Telesales,790,,
11/21/2013,2013,November,India,Alex,Alpha,Retail,Partner,775,,
11/22/2013,2013,November,Singapore,Rose,Chi,Telecom,Telesales,542,,
11/22/2013,2013,November,Canada,Mike,Alpha,Retail,Online,597,,
11/23/2013,2013,November,Canada,Martha,Chi,Telecom,Telesales,424,,
11/28/2013,2013,November,Canada,Jenny,Beta,Electronics,Direct,134,,
11/28/2013,2013,November,Malaysia,Mike,Beta,Healthcare,Online,442,,
12/1/2013,2013,December,Singapore,Jenny,Chi,Telecom,Telesales,530,,
12/3/2013,2013,December,China,Chang,Beta,Healthcare,Telesales,126,,
12/3/2013,2013,December,Singapore,Mike,Chi,Electronics,Partner,252,,
12/4/2013,2013,December,Malaysia,Alex,Beta,Banking,Telesales,304,,
12/4/2013,2013,December,US,Mike,Beta,Electronics,Partner,805,,
12/4/2013,2013,December,Canada,Rose,Beta,Electronics,Telesales,706,,
12/4/2013,2013,December,India,Rose,Chi,Electronics,Online,892,,
12/5/2013,2013,December,China,Mike,Beta,Healthcare,Online,982,,
12/7/2013,2013,December,US,Chang,Alpha,Healthcare,Direct,338,,
12/9/2013,2013,December,Malaysia,Glen,Chi,Banking,Online,467,,
12/9/2013,2013,December,Singapore,Glen,Alpha,Banking,Telesales,985,,
12/11/2013,2013,December,US,Alex,Gamma,Banking,Online,875,,
12/12/2013,2013,December,China,Chang,Alpha,Banking,Online,304,,
12/14/2013,2013,December,Malaysia,Chang,Chi,Telecom,Telesales,430,,
12/16/2013,2013,December,India,Rose,Gamma,Healthcare,Direct,198,,
12/17/2013,2013,December,Malaysia,Mike,Alpha,Electronics,Online,339,,
12/18/2013,2013,December,Korea,Alex,Gamma,Telecom,Telesales,222,,
12/20/2013,2013,December,India,Martha,Beta,Electronics,Direct,302,,
12/20/2013,2013,December,India,Rose,Beta,Telecom,Telesales,957,,
12/21/2013,2013,December,China,Mike,Beta,Retail,Direct,371,,
12/21/2013,2013,December,China,Alex,Gamma,Banking,Partner,818,,
12/21/2013,2013,December,India,Rose,Beta,Healthcare,Telesales,504,,
12/23/2013,2013,December,India,Martha,Beta,Healthcare,Online,696,,
12/23/2013,2013,December,Canada,Rose,Beta,Retail,Partner,330,,
12/23/2013,2013,December,US,Mike,Alpha,Telecom,Direct,266,,
12/23/2013,2013,December,Malaysia,Rose,Alpha,Banking,Partner,435,,
12/25/2013,2013,December,Singapore,Rose,Alpha,Electronics,Telesales,249,,
12/28/2013,2013,December,Canada,Mike,Alpha,Electronics,Online,782,,
12/29/2013,2013,December,India,Glen,Chi,Healthcare,Online,570,,
12/29/2013,2013,December,China,Glen,Gamma,Healthcare,Direct,490,,
12/30/2013,2013,December,Malaysia,Rose,Beta,Banking,Online,254,,
12/31/2013,2013,December,China,Chang,Chi,Healthcare,Telesales,857,,
1/1/2014,2014,January,Korea,Jenny,Beta,Healthcare,Telesales,967,,
1/4/2014,2014,January,India,Martha,Alpha,Healthcare,Direct,988,,
1/4/2014,2014,January,US,Jenny,Chi,Electronics,Partner,656,,
1/5/2014,2014,January,China,Martha,Alpha,Healthcare,Telesales,130,,
1/6/2014,2014,January,US,Mike,Beta,Telecom,Telesales,201,,
1/7/2014,2014,January,Korea,Rose,Gamma,Electronics,Online,966,,
1/7/2014,2014,January,Singapore,Rose,Alpha,Retail,Direct,274,,
1/12/2014,2014,January,China,Glen,Gamma,Banking,Online,775,,
1/12/2014,2014,January,US,Mike,Beta,Banking,Telesales,239,,
1/13/2014,2014,January,US,Chang,Chi,Electronics,Direct,497,,
1/14/2014,2014,January,US,Alex,Gamma,Telecom,Partner,206,,
1/15/2014,2014,January,Korea,Chang,Alpha,Electronics,Partner,960,,
1/15/2014,2014,January,China,Alex,Gamma,Banking,Telesales,107,,
1/15/2014,2014,January,India,Rose,Beta,Telecom,Direct,918,,
1/15/2014,2014,January,Canada,Alex,Gamma,Banking,Telesales,971,,
1/17/2014,2014,January,Singapore,Alex,Alpha,Healthcare,Direct,627,,
1/18/2014,2014,January,Korea,Rose,Gamma,Healthcare,Online,207,,
1/20/2014,2014,January,Malaysia,Alex,Alpha,Electronics,Direct,815,,
1/23/2014,2014,January,China,Rose,Alpha,Retail,Partner,663,,
1/24/2014,2014,January,Malaysia,Rose,Beta,Banking,Direct,987,,
1/25/2014,2014,January,Canada,Alex,Alpha,Retail,Direct,626,,
1/26/2014,2014,January,US,Rose,Gamma,Banking,Partner,123,,
1/26/2014,2014,January,China,Jenny,Beta,Electronics,Direct,459,,
1/26/2014,2014,January,India,Alex,Gamma,Healthcare,Partner,705,,
1/26/2014,2014,January,India,Glen,Beta,Retail,Partner,203,,
1/27/2014,2014,January,India,Chang,Gamma,Banking,Online,404,,
1/27/2014,2014,January,India,Martha,Beta,Banking,Direct,567,,
1/27/2014,2014,January,China,Martha,Chi,Electronics,Online,751,,
1/28/2014,2014,January,China,Glen,Alpha,Healthcare,Direct,246,,
1/29/2014,2014,January,Singapore,Martha,Beta,Electronics,Partner,502,,
1/29/2014,2014,January,US,Martha,Alpha,Retail,Telesales,785,,
1/29/2014,2014,January,Malaysia,Chang,Alpha,Electronics,Direct,533,,
1/31/2014,2014,January,China,Jenny,Beta,Banking,Online,810,,
2/2/2014,2014,February,Korea,Mike,Beta,Telecom,Partner,533,,
2/6/2014,2014,February,India,Alex,Alpha,Retail,Partner,675,,
2/7/2014,2014,February,Malaysia,Mike,Gamma,Banking,Telesales,251,,
2/8/2014,2014,February,Singapore,Chang,Gamma,Healthcare,Online,238,,
2/8/2014,2014,February,Korea,Mike,Chi,Banking,Telesales,440,,
2/8/2014,2014,February,Korea,Martha,Gamma,Banking,Direct,533,,
2/12/2014,2014,February,Singapore,Chang,Chi,Banking,Online,193,,
2/13/2014,2014,February,Canada,Rose,Chi,Retail,Telesales,321,,
2/14/2014,2014,February,India,Jenny,Chi,Banking,Partner,427,,
2/14/2014,2014,February,Singapore,Glen,Chi,Telecom,Telesales,453,,
2/16/2014,2014,February,US,Glen,Chi,Banking,Online,309,,
2/17/2014,2014,February,Korea,Rose,Chi,Electronics,Telesales,686,,
2/18/2014,2014,February,India,Alex,Beta,Retail,Online,225,,
2/19/2014,2014,February,Singapore,Alex,Alpha,Retail,Telesales,309,,
2/19/2014,2014,February,China,Mike,Alpha,Retail,Partner,634,,
2/20/2014,2014,February,Korea,Glen,Beta,Banking,Telesales,376,,
2/22/2014,2014,February,Singapore,Martha,Alpha,Retail,Direct,331,,
2/23/2014,2014,February,India,Mike,Beta,Healthcare,Direct,486,,
2/25/2014,2014,February,Malaysia,Alex,Gamma,Telecom,Partner,211,,
2/25/2014,2014,February,Canada,Chang,Beta,Retail,Online,418,,
2/25/2014,2014,February,Singapore,Mike,Beta,Electronics,Telesales,759,,
2/26/2014,2014,February,India,Rose,Gamma,Electronics,Direct,876,,
2/27/2014,2014,February,Malaysia,Rose,Beta,Electronics,Online,982,,
2/28/2014,2014,February,Korea,Rose,Beta,Electronics,Direct,906,,
2/28/2014,2014,February,Malaysia,Rose,Beta,Retail,Online,434,,
3/4/2014,2014,March,Korea,Jenny,Alpha,Retail,Online,307,,
3/5/2014,2014,March,China,Martha,Gamma,Retail,Online,590,,
3/5/2014,2014,March,Korea,Chang,Gamma,Retail,Partner,937,,
3/6/2014,2014,March,Singapore,Alex,Gamma,Retail,Telesales,286,,
3/6/2014,2014,March,China,Glen,Chi,Retail,Direct,459,,
3/6/2014,2014,March,Singapore,Martha,Beta,Healthcare,Telesales,867,,
3/6/2014,2014,March,Korea,Rose,Alpha,Banking,Online,906,,
3/7/2014,2014,March,China,Alex,Alpha,Electronics,Direct,743,,
3/9/2014,2014,March,Malaysia,Alex,Beta,Telecom,Direct,964,,
3/13/2014,2014,March,US,Martha,Gamma,Electronics,Telesales,397,,
3/13/2014,2014,March,India,Jenny,Gamma,Telecom,Partner,637,,
3/15/2014,2014,March,India,Rose,Chi,Retail,Telesales,659,,
3/18/2014,2014,March,China,Mike,Beta,Electronics,Partner,126,,
3/18/2014,2014,March,Korea,Alex,Gamma,Electronics,Telesales,271,,
3/18/2014,2014,March,Canada,Jenny,Gamma,Healthcare,Online,870,,
3/19/2014,2014,March,Korea,Glen,Alpha,Electronics,Online,140,,
3/20/2014,2014,March,Singapore,Chang,Alpha,Telecom,Partner,894,,
3/20/2014,2014,March,Korea,Jenny,Chi,Retail,Telesales,914,,
3/22/2014,2014,March,Canada,Mike,Gamma,Telecom,Partner,124,,
3/24/2014,2014,March,Singapore,Mike,Beta,Electronics,Partner,272,,
3/26/2014,2014,March,Singapore,Alex,Alpha,Telecom,Online,932,,
3/28/2014,2014,March,Korea,Glen,Chi,Retail,Direct,700,,
3/29/2014,2014,March,Singapore,Mike,Chi,Electronics,Telesales,846,,
3/29/2014,2014,March,Singapore,Glen,Alpha,Healthcare,Telesales,770,,
4/1/2014,2014,April,India,Mike,Alpha,Retail,Online,659,,
4/1/2014,2014,April,Singapore,Rose,Beta,Healthcare,Online,535,,
4/3/2014,2014,April,Canada,Alex,Chi,Retail,Telesales,765,,
4/3/2014,2014,April,Canada,Jenny,Alpha,Electronics,Direct,182,,
4/4/2014,2014,April,Korea,Mike,Gamma,Electronics,Partner,755,,
4/6/2014,2014,April,Singapore,Alex,Beta,Banking,Telesales,144,,
4/7/2014,2014,April,Korea,Glen,Chi,Retail,Direct,477,,
4/8/2014,2014,April,China,Jenny,Chi,Banking,Telesales,301,,
4/8/2014,2014,April,Malaysia,Alex,Gamma,Electronics,Direct,616,,
4/9/2014,2014,April,Korea,Rose,Beta,Telecom,Telesales,748,,
4/9/2014,2014,April,US,Martha,Beta,Healthcare,Online,254,,
4/10/2014,2014,April,Malaysia,Alex,Chi,Telecom,Direct,205,,
4/11/2014,2014,April,Singapore,Glen,Alpha,Electronics,Partner,223,,
4/13/2014,2014,April,India,Mike,Gamma,Healthcare,Telesales,441,,
4/18/2014,2014,April,Canada,Martha,Chi,Healthcare,Online,543,,
4/21/2014,2014,April,India,Mike,Chi,Banking,Online,912,,
4/21/2014,2014,April,India,Jenny,Chi,Banking,Online,209,,
4/22/2014,2014,April,India,Jenny,Beta,Electronics,Online,870,,
4/23/2014,2014,April,Singapore,Martha,Beta,Banking,Partner,687,,
4/24/2014,2014,April,Canada,Alex,Chi,Healthcare,Telesales,789,,
4/24/2014,2014,April,Korea,Mike,Gamma,Telecom,Telesales,885,,
4/27/2014,2014,April,India,Rose,Gamma,Electronics,Online,983,,
4/28/2014,2014,April,US,Rose,Chi,Telecom,Direct,812,,
4/29/2014,2014,April,US,Alex,Beta,Healthcare,Partner,974,,
4/30/2014,2014,April,China,Alex,Chi,Telecom,Telesales,176,,
5/1/2014,2014,May,Korea,Martha,Beta,Healthcare,Online,875,,
5/1/2014,2014,May,Canada,Jenny,Chi,Electronics,Telesales,578,,
5/3/2014,2014,May,Canada,Alex,Gamma,Healthcare,Direct,705,,
5/4/2014,2014,May,Malaysia,Martha,Chi,Electronics,Partner,306,,
5/4/2014,2014,May,Korea,Rose,Gamma,Electronics,Telesales,405,,
5/5/2014,2014,May,India,Martha,Gamma,Electronics,Direct,114,,
5/5/2014,2014,May,Canada,Glen,Chi,Retail,Partner,980,,
5/6/2014,2014,May,US,Chang,Alpha,Telecom,Online,934,,
5/7/2014,2014,May,US,Rose,Alpha,Electronics,Partner,731,,
5/9/2014,2014,May,India,Alex,Gamma,Electronics,Online,205,,
5/9/2014,2014,May,India,Rose,Alpha,Retail,Telesales,333,,
5/11/2014,2014,May,US,Mike,Gamma,Electronics,Online,758,,
5/12/2014,2014,May,India,Rose,Gamma,Telecom,Telesales,216,,
5/14/2014,2014,May,Malaysia,Mike,Beta,Telecom,Online,599,,
5/15/2014,2014,May,US,Alex,Beta,Retail,Online,352,,
5/15/2014,2014,May,China,Alex,Alpha,Electronics,Direct,406,,
5/18/2014,2014,May,US,Chang,Alpha,Banking,Direct,748,,
5/20/2014,2014,May,Korea,Glen,Alpha,Retail,Partner,394,,
5/22/2014,2014,May,Canada,Alex,Chi,Telecom,Online,320,,
5/24/2014,2014,May,China,Rose,Chi,Healthcare,Online,149,,
5/25/2014,2014,May,China,Mike,Beta,Retail,Direct,186,,
5/26/2014,2014,May,Malaysia,Mike,Beta,Electronics,Online,375,,
5/27/2014,2014,May,Singapore,Glen,Gamma,Retail,Partner,431,,
5/28/2014,2014,May,China,Glen,Alpha,Telecom,Online,781,,
5/29/2014,2014,May,Canada,Jenny,Gamma,Banking,Direct,307,,
5/30/2014,2014,May,US,Martha,Chi,Banking,Direct,749,,
5/31/2014,2014,May,Korea,Martha,Gamma,Telecom,Partner,519,,
6/1/2014,2014,June,India,Mike,Chi,Banking,Telesales,694,,
6/3/2014,2014,June,US,Martha,Gamma,Telecom,Online,139,,
6/5/2014,2014,June,Malaysia,Jenny,Chi,Telecom,Direct,835,,
6/6/2014,2014,June,US,Chang,Gamma,Healthcare,Telesales,312,,
6/8/2014,2014,June,India,Jenny,Alpha,Electronics,Partner,152,,
6/9/2014,2014,June,US,Alex,Chi,Retail,Partner,266,,
6/9/2014,2014,June,India,Rose,Alpha,Telecom,Partner,611,,
6/9/2014,2014,June,Malaysia,Mike,Beta,Healthcare,Telesales,853,,
6/10/2014,2014,June,Canada,Rose,Beta,Banking,Partner,110,,
6/11/2014,2014,June,Korea,Glen,Chi,Healthcare,Online,496,,
6/11/2014,2014,June,India,Martha,Gamma,Retail,Partner,616,,
6/13/2014,2014,June,Canada,Rose,Chi,Retail,Direct,182,,
6/13/2014,2014,June,US,Jenny,Alpha,Electronics,Direct,756,,
6/13/2014,2014,June,US,Jenny,Gamma,Retail,Telesales,507,,
6/14/2014,2014,June,China,Glen,Beta,Healthcare,Telesales,884,,
6/14/2014,2014,June,China,Alex,Beta,Retail,Direct,194,,
6/14/2014,2014,June,Malaysia,Mike,Chi,Electronics,Telesales,307,,
6/15/2014,2014,June,Singapore,Mike,Alpha,Banking,Direct,297,,
6/15/2014,2014,June,US,Chang,Gamma,Retail,Telesales,708,,
6/16/2014,2014,June,China,Alex,Chi,Electronics,Direct,587,,
6/20/2014,2014,June,Korea,Chang,Gamma,Banking,Telesales,466,,
6/21/2014,2014,June,Canada,Mike,Alpha,Retail,Telesales,367,,
6/21/2014,2014,June,India,Rose,Alpha,Banking,Telesales,491,,
6/22/2014,2014,June,Canada,Alex,Beta,Electronics,Telesales,213,,
6/22/2014,2014,June,China,Mike,Chi,Telecom,Direct,330,,
6/22/2014,2014,June,India,Glen,Alpha,Banking,Partner,242,,
6/23/2014,2014,June,US,Chang,Gamma,Electronics,Online,346,,
6/23/2014,2014,June,Malaysia,Rose,Gamma,Electronics,Telesales,575,,
6/24/2014,2014,June,Canada,Martha,Alpha,Telecom,Online,272,,
6/25/2014,2014,June,US,Rose,Gamma,Banking,Online,412,,
6/25/2014,2014,June,Singapore,Alex,Chi,Healthcare,Partner,441,,
6/27/2014,2014,June,Malaysia,Mike,Alpha,Healthcare,Partner,919,,
6/27/2014,2014,June,Canada,Chang,Chi,Retail,Direct,489,,
6/27/2014,2014,June,Korea,Martha,Chi,Electronics,Online,752,,
6/28/2014,2014,June,Malaysia,Glen,Beta,Telecom,Partner,310,,
6/28/2014,2014,June,Korea,Glen,Alpha,Healthcare,Partner,998,,
6/28/2014,2014,June,Malaysia,Alex,Gamma,Healthcare,Telesales,297,,
6/29/2014,2014,June,Canada,Rose,Chi,Retail,Telesales,575,,
6/29/2014,2014,June,Korea,Alex,Chi,Banking,Telesales,711,,
6/29/2014,2014,June,Korea,Martha,Chi,Retail,Partner,136,,
6/30/2014,2014,June,US,Glen,Alpha,Banking,Online,399,,
7/2/2014,2014,July,India,Jenny,Beta,Telecom,Telesales,345,,
7/3/2014,2014,July,Canada,Glen,Beta,Retail,Telesales,987,,
7/5/2014,2014,July,China,Mike,Beta,Healthcare,Direct,158,,
7/5/2014,2014,July,Korea,Mike,Chi,Banking,Online,336,,
7/6/2014,2014,July,Canada,Martha,Alpha,Banking,Online,278,,
7/6/2014,2014,July,Korea,Jenny,Gamma,Healthcare,Partner,111,,
7/8/2014,2014,July,China,Jenny,Alpha,Banking,Direct,927,,
7/10/2014,2014,July,Canada,Chang,Chi,Healthcare,Direct,804,,
7/15/2014,2014,July,Malaysia,Glen,Chi,Retail,Telesales,186,,
7/15/2014,2014,July,India,Alex,Chi,Healthcare,Direct,397,,
7/17/2014,2014,July,India,Mike,Beta,Electronics,Online,253,,
7/18/2014,2014,July,US,Glen,Chi,Electronics,Telesales,683,,
7/19/2014,2014,July,Canada,Jenny,Chi,Retail,Partner,531,,
7/19/2014,2014,July,China,Mike,Beta,Retail,Partner,314,,
7/20/2014,2014,July,Canada,Alex,Beta,Telecom,Partner,285,,
7/20/2014,2014,July,Korea,Chang,Gamma,Healthcare,Partner,312,,
7/21/2014,2014,July,Korea,Glen,Gamma,Retail,Partner,437,,
7/21/2014,2014,July,Malaysia,Rose,Chi,Telecom,Direct,820,,
7/21/2014,2014,July,China,Rose,Gamma,Telecom,Telesales,491,,
7/23/2014,2014,July,Malaysia,Mike,Alpha,Telecom,Online,538,,
7/24/2014,2014,July,Malaysia,Chang,Alpha,Electronics,Partner,710,,
7/25/2014,2014,July,Singapore,Alex,Beta,Telecom,Telesales,566,,
7/28/2014,2014,July,Malaysia,Chang,Alpha,Electronics,Partner,987,,
7/29/2014,2014,July,Korea,Mike,Alpha,Healthcare,Online,143,,
7/29/2014,2014,July,US,Martha,Beta,Electronics,Partner,653,,
7/30/2014,2014,July,India,Chang,Beta,Electronics,Online,162,,
7/31/2014,2014,July,US,Chang,Gamma,Banking,Online,338,,
8/1/2014,2014,August,India,Mike,Alpha,Banking,Direct,681,,
8/2/2014,2014,August,Canada,Martha,Gamma,Electronics,Telesales,197,,
8/4/2014,2014,August,Korea,Rose,Gamma,Telecom,Direct,496,,
8/5/2014,2014,August,China,Chang,Beta,Healthcare,Partner,409,,
8/5/2014,2014,August,China,Rose,Alpha,Healthcare,Telesales,400,,
8/7/2014,2014,August,China,Glen,Beta,Electronics,Direct,898,,
8/7/2014,2014,August,US,Mike,Beta,Telecom,Direct,156,,
8/11/2014,2014,August,China,Rose,Alpha,Retail,Telesales,752,,
8/11/2014,2014,August,India,Alex,Alpha,Electronics,Direct,622,,
8/11/2014,2014,August,Malaysia,Mike,Gamma,Banking,Telesales,528,,
8/12/2014,2014,August,Singapore,Jenny,Alpha,Banking,Direct,301,,
8/12/2014,2014,August,Singapore,Mike,Beta,Electronics,Telesales,411,,
8/13/2014,2014,August,China,Jenny,Chi,Retail,Partner,885,,
8/13/2014,2014,August,US,Glen,Beta,Telecom,Partner,102,,
8/16/2014,2014,August,Malaysia,Rose,Alpha,Retail,Direct,637,,
8/16/2014,2014,August,Malaysia,Alex,Beta,Banking,Partner,112,,
8/17/2014,2014,August,Malaysia,Jenny,Gamma,Banking,Telesales,973,,
8/18/2014,2014,August,India,Chang,Chi,Electronics,Online,460,,
8/18/2014,2014,August,Canada,Glen,Beta,Healthcare,Direct,752,,
8/20/2014,2014,August,Malaysia,Jenny,Gamma,Electronics,Direct,588,,
8/23/2014,2014,August,Singapore,Rose,Chi,Banking,Telesales,185,,
8/24/2014,2014,August,China,Chang,Beta,Electronics,Partner,361,,
8/25/2014,2014,August,China,Jenny,Gamma,Healthcare,Direct,539,,
8/26/2014,2014,August,US,Chang,Chi,Retail,Direct,415,,
8/27/2014,2014,August,China,Chang,Chi,Telecom,Direct,978,,
8/27/2014,2014,August,India,Glen,Beta,Electronics,Online,731,,
8/28/2014,2014,August,India,Martha,Beta,Retail,Partner,154,,
8/29/2014,2014,August,Singapore,Martha,Beta,Healthcare,Telesales,154,,
8/29/2014,2014,August,China,Alex,Gamma,Retail,Direct,609,,
8/29/2014,2014,August,US,Glen,Gamma,Healthcare,Online,247,,
8/30/2014,2014,August,US,Alex,Beta,Electronics,Direct,735,,
8/31/2014,2014,August,Singapore,Jenny,Beta,Electronics,Direct,586,,
9/1/2014,2014,September,US,Mike,Alpha,Electronics,Partner,512,,
9/2/2014,2014,September,China,Jenny,Alpha,Banking,Online,341,,
9/3/2014,2014,September,China,Martha,Chi,Telecom,Online,598,,
9/3/2014,2014,September,Canada,Mike,Chi,Electronics,Online,290,,
9/4/2014,2014,September,Korea,Martha,Gamma,Telecom,Telesales,881,,
9/5/2014,2014,September,US,Glen,Gamma,Banking,Online,390,,
9/7/2014,2014,September,India,Glen,Chi,Healthcare,Partner,628,,
9/8/2014,2014,September,Canada,Martha,Alpha,Banking,Telesales,750,,
9/11/2014,2014,September,US,Rose,Alpha,Retail,Online,961,,
9/12/2014,2014,September,Canada,Martha,Beta,Electronics,Online,185,,
9/13/2014,2014,September,China,Mike,Alpha,Healthcare,Telesales,406,,
9/14/2014,2014,September,India,Glen,Alpha,Healthcare,Partner,771,,
9/15/2014,2014,September,Singapore,Alex,Chi,Banking,Online,280,,
9/15/2014,2014,September,US,Rose,Chi,Retail,Partner,416,,
9/18/2014,2014,September,Canada,Mike,Alpha,Healthcare,Partner,962,,
9/19/2014,2014,September,China,Alex,Alpha,Electronics,Direct,930,,
9/19/2014,2014,September,Singapore,Alex,Gamma,Retail,Telesales,473,,
9/19/2014,2014,September,Singapore,Rose,Gamma,Telecom,Online,606,,
9/22/2014,2014,September,US,Mike,Beta,Electronics,Partner,660,,
9/23/2014,2014,September,Canada,Jenny,Chi,Banking,Telesales,207,,
9/24/2014,2014,September,Canada,Martha,Gamma,Telecom,Online,493,,
9/25/2014,2014,September,Korea,Alex,Gamma,Banking,Direct,761,,
9/27/2014,2014,September,Korea,Rose,Alpha,Banking,Partner,428,,
9/28/2014,2014,September,US,Alex,Beta,Telecom,Direct,549,,
9/29/2014,2014,September,Canada,Rose,Chi,Electronics,Partner,935,,
10/4/2014,2014,October,Korea,Glen,Beta,Electronics,Partner,941,,
10/5/2014,2014,October,Singapore,Chang,Chi,Retail,Telesales,513,,
10/6/2014,2014,October,China,Chang,Gamma,Retail,Direct,427,,
10/6/2014,2014,October,Singapore,Jenny,Alpha,Banking,Online,928,,
10/6/2014,2014,October,Singapore,Mike,Chi,Retail,Partner,358,,
10/7/2014,2014,October,US,Rose,Gamma,Retail,Partner,813,,
10/7/2014,2014,October,Canada,Martha,Chi,Healthcare,Partner,389,,
10/7/2014,2014,October,Singapore,Alex,Gamma,Electronics,Telesales,443,,
10/9/2014,2014,October,US,Glen,Chi,Banking,Online,549,,
10/9/2014,2014,October,Canada,Mike,Chi,Banking,Telesales,739,,
10/9/2014,2014,October,India,Alex,Gamma,Healthcare,Partner,130,,
10/12/2014,2014,October,US,Glen,Alpha,Retail,Telesales,447,,
10/13/2014,2014,October,US,Alex,Beta,Retail,Online,882,,
10/14/2014,2014,October,Malaysia,Martha,Chi,Healthcare,Online,189,,
10/15/2014,2014,October,China,Jenny,Alpha,Telecom,Telesales,375,,
10/15/2014,2014,October,China,Jenny,Alpha,Banking,Direct,380,,
10/16/2014,2014,October,Singapore,Martha,Chi,Telecom,Direct,373,,
10/17/2014,2014,October,China,Alex,Gamma,Retail,Online,219,,
10/18/2014,2014,October,India,Mike,Beta,Healthcare,Telesales,544,,
10/18/2014,2014,October,China,Jenny,Beta,Retail,Direct,935,,
10/18/2014,2014,October,Singapore,Martha,Alpha,Healthcare,Direct,188,,
10/19/2014,2014,October,US,Glen,Beta,Retail,Telesales,422,,
10/20/2014,2014,October,China,Mike,Beta,Retail,Partner,178,,
10/21/2014,2014,October,Korea,Rose,Alpha,Telecom,Online,312,,
10/21/2014,2014,October,Korea,Chang,Alpha,Telecom,Telesales,514,,
10/22/2014,2014,October,Korea,Mike,Alpha,Banking,Online,296,,
10/24/2014,2014,October,US,Glen,Beta,Telecom,Online,708,,
10/27/2014,2014,October,US,Mike,Gamma,Telecom,Telesales,193,,
10/30/2014,2014,October,Korea,Martha,Alpha,Telecom,Telesales,260,,
10/30/2014,2014,October,US,Glen,Beta,Electronics,Partner,400,,
10/31/2014,2014,October,India,Jenny,Beta,Telecom,Online,898,,
10/31/2014,2014,October,India,Mike,Alpha,Telecom,Direct,220,,
10/31/2014,2014,October,Korea,Rose,Chi,Healthcare,Online,584,,
11/1/2014,2014,November,Canada,Jenny,Alpha,Electronics,Telesales,427,,
11/3/2014,2014,November,India,Alex,Chi,Healthcare,Direct,138,,
11/4/2014,2014,November,Singapore,Martha,Gamma,Electronics,Online,977,,
11/4/2014,2014,November,India,Rose,Gamma,Retail,Partner,718,,
11/4/2014,2014,November,Malaysia,Rose,Chi,Banking,Telesales,891,,
11/6/2014,2014,November,US,Glen,Gamma,Retail,Online,252,,
11/10/2014,2014,November,Singapore,Glen,Chi,Retail,Online,297,,
11/11/2014,2014,November,India,Mike,Gamma,Telecom,Telesales,995,,
11/11/2014,2014,November,Singapore,Rose,Gamma,Electronics,Telesales,754,,
11/13/2014,2014,November,Singapore,Glen,Alpha,Electronics,Online,782,,
11/15/2014,2014,November,Korea,Chang,Gamma,Banking,Online,748,,
11/16/2014,2014,November,Korea,Jenny,Gamma,Retail,Partner,637,,
11/16/2014,2014,November,Singapore,Martha,Beta,Telecom,Direct,842,,
11/17/2014,2014,November,China,Alex,Gamma,Healthcare,Telesales,585,,
11/20/2014,2014,November,China,Jenny,Chi,Retail,Direct,768,,
11/22/2014,2014,November,Canada,Jenny,Alpha,Electronics,Partner,129,,
11/22/2014,2014,November,Korea,Martha,Gamma,Retail,Partner,823,,
11/27/2014,2014,November,Korea,Mike,Chi,Telecom,Direct,823,,
11/29/2014,2014,November,India,Glen,Chi,Electronics,Telesales,883,,
11/29/2014,2014,November,Korea,Mike,Alpha,Healthcare,Telesales,330,,
11/30/2014,2014,November,China,Martha,Alpha,Banking,Partner,519,,
12/1/2014,2014,December,India,Martha,Alpha,Telecom,Partner,417,,
12/1/2014,2014,December,Singapore,Chang,Gamma,Telecom,Direct,611,,
12/1/2014,2014,December,Singapore,Martha,Alpha,Electronics,Telesales,790,,
12/2/2014,2014,December,Canada,Alex,Alpha,Electronics,Telesales,884,,
12/3/2014,2014,December,Singapore,Glen,Chi,Retail,Telesales,925,,
12/3/2014,2014,December,Singapore,Alex,Alpha,Electronics,Telesales,347,,
12/4/2014,2014,December,Canada,Alex,Beta,Electronics,Telesales,527,,
12/8/2014,2014,December,China,Jenny,Gamma,Healthcare,Telesales,664,,
12/9/2014,2014,December,Korea,Rose,Chi,Telecom,Partner,313,,
12/9/2014,2014,December,Korea,Martha,Chi,Healthcare,Direct,729,,
12/11/2014,2014,December,Singapore,Martha,Beta,Retail,Direct,172,,
12/13/2014,2014,December,China,Rose,Beta,Retail,Telesales,217,,
12/13/2014,2014,December,China,Jenny,Alpha,Electronics,Telesales,652,,
12/15/2014,2014,December,Canada,Jenny,Chi,Telecom,Direct,408,,
12/15/2014,2014,December,India,Chang,Gamma,Electronics,Direct,584,,
12/16/2014,2014,December,China,Jenny,Chi,Healthcare,Direct,347,,
12/17/2014,2014,December,Korea,Rose,Gamma,Retail,Direct,469,,
12/17/2014,2014,December,Malaysia,Jenny,Gamma,Healthcare,Direct,611,,
12/20/2014,2014,December,US,Martha,Alpha,Retail,Telesales,535,,
12/20/2014,2014,December,Singapore,Glen,Gamma,Electronics,Partner,642,,
12/25/2014,2014,December,Singapore,Martha,Gamma,Electronics,Partner,791,,
12/26/2014,2014,December,Singapore,Glen,Chi,Electronics,Online,445,,
12/26/2014,2014,December,Korea,Jenny,Gamma,Telecom,Online,756,,
12/26/2014,2014,December,US,Chang,Alpha,Retail,Telesales,706,,
12/26/2014,2014,December,Korea,Martha,Gamma,Telecom,Telesales,510,,
12/28/2014,2014,December,Malaysia,Rose,Chi,Healthcare,Online,863,,
12/29/2014,2014,December,Canada,Rose,Beta,Healthcare,Telesales,273,,
12/29/2014,2014,December,Malaysia,Jenny,Beta,Banking,Online,592,,
12/30/2014,2014,December,Singapore,Chang,Beta,Banking,Direct,287,,
12/30/2014,2014,December,US,Chang,Chi,Retail,Direct,485,,
12/31/2014,2014,December,Singapore,Alex,Chi,Banking,Online,487,,
1/2/2015,2015,January,Malaysia,Mike,Beta,Electronics,Partner,636,,
1/3/2015,2015,January,US,Mike,Beta,Healthcare,Partner,125,,
1/3/2015,2015,January,China,Martha,Gamma,Electronics,Direct,156,,
1/3/2015,2015,January,China,Rose,Gamma,Banking,Online,645,,
1/4/2015,2015,January,China,Martha,Gamma,Telecom,Telesales,783,,
1/6/2015,2015,January,Malaysia,Alex,Beta,Retail,Partner,103,,
1/8/2015,2015,January,Singapore,Glen,Alpha,Healthcare,Online,988,,
1/9/2015,2015,January,Korea,Chang,Chi,Retail,Online,466,,
1/9/2015,2015,January,India,Jenny,Chi,Banking,Online,831,,
1/10/2015,2015,January,China,Chang,Beta,Healthcare,Partner,139,,
1/10/2015,2015,January,US,Jenny,Beta,Healthcare,Direct,477,,
1/10/2015,2015,January,Malaysia,Glen,Gamma,Telecom,Direct,711,,
1/11/2015,2015,January,Singapore,Mike,Chi,Healthcare,Direct,554,,
1/12/2015,2015,January,Singapore,Rose,Chi,Banking,Online,843,,
1/13/2015,2015,January,Malaysia,Chang,Alpha,Telecom,Online,231,,
1/16/2015,2015,January,Malaysia,Martha,Chi,Healthcare,Online,189,,
1/17/2015,2015,January,Korea,Rose,Beta,Retail,Telesales,512,,
1/17/2015,2015,January,Canada,Jenny,Beta,Telecom,Telesales,434,,
1/18/2015,2015,January,US,Rose,Gamma,Healthcare,Partner,918,,
1/19/2015,2015,January,India,Rose,Beta,Healthcare,Partner,534,,
1/20/2015,2015,January,Canada,Alex,Beta,Banking,Direct,937,,
1/20/2015,2015,January,India,Rose,Gamma,Healthcare,Partner,438,,
1/23/2015,2015,January,Korea,Rose,Chi,Telecom,Partner,930,,
1/23/2015,2015,January,Korea,Alex,Gamma,Retail,Direct,347,,
1/24/2015,2015,January,Canada,Martha,Beta,Telecom,Partner,365,,
1/24/2015,2015,January,Korea,Rose,Gamma,Electronics,Direct,552,,
1/24/2015,2015,January,Malaysia,Rose,Beta,Telecom,Partner,661,,
1/25/2015,2015,January,Korea,Jenny,Gamma,Banking,Online,398,,
1/26/2015,2015,January,Korea,Alex,Chi,Telecom,Partner,725,,
1/27/2015,2015,January,India,Jenny,Gamma,Electronics,Direct,490,,
1/28/2015,2015,January,Malaysia,Chang,Alpha,Telecom,Online,464,,
1/29/2015,2015,January,Malaysia,Glen,Gamma,Banking,Telesales,334,,
1/31/2015,2015,January,China,Mike,Chi,Electronics,Partner,241,,
2/1/2015,2015,February,China,Martha,Gamma,Healthcare,Direct,182,,
2/2/2015,2015,February,Korea,Chang,Chi,Healthcare,Online,513,,
2/2/2015,2015,February,Canada,Mike,Beta,Healthcare,Direct,609,,
2/3/2015,2015,February,India,Rose,Gamma,Healthcare,Telesales,268,,
2/4/2015,2015,February,US,Alex,Gamma,Healthcare,Telesales,197,,
2/5/2015,2015,February,Canada,Alex,Gamma,Banking,Direct,163,,
2/8/2015,2015,February,Korea,Mike,Chi,Telecom,Online,390,,
2/9/2015,2015,February,China,Rose,Beta,Electronics,Direct,478,,
2/10/2015,2015,February,Canada,Glen,Gamma,Electronics,Telesales,997,,
2/11/2015,2015,February,Korea,Chang,Alpha,Healthcare,Direct,221,,
2/13/2015,2015,February,Canada,Rose,Gamma,Electronics,Telesales,982,,
2/16/2015,2015,February,Canada,Mike,Alpha,Healthcare,Telesales,394,,
2/18/2015,2015,February,US,Glen,Alpha,Healthcare,Direct,472,,
2/19/2015,2015,February,Canada,Chang,Gamma,Banking,Direct,852,,
2/19/2015,2015,February,US,Mike,Alpha,Banking,Partner,973,,
2/22/2015,2015,February,China,Mike,Beta,Electronics,Partner,455,,
2/22/2015,2015,February,US,Rose,Beta,Healthcare,Partner,427,,
2/22/2015,2015,February,Malaysia,Rose,Chi,Retail,Direct,565,,
2/23/2015,2015,February,US,Jenny,Gamma,Healthcare,Online,638,,
2/25/2015,2015,February,Singapore,Rose,Chi,Electronics,Online,634,,
2/26/2015,2015,February,Malaysia,Mike,Chi,Telecom,Direct,174,,
2/27/2015,2015,February,Malaysia,Alex,Gamma,Electronics,Telesales,971,,
3/1/2015,2015,March,US,Chang,Alpha,Banking,Telesales,811,,
3/1/2015,2015,March,China,Jenny,Beta,Banking,Online,576,,
3/2/2015,2015,March,China,Glen,Beta,Telecom,Telesales,560,,
3/5/2015,2015,March,China,Mike,Chi,Banking,Online,542,,
3/7/2015,2015,March,Korea,Jenny,Alpha,Banking,Telesales,246,,
3/9/2015,2015,March,Korea,Mike,Gamma,Telecom,Partner,809,,
3/11/2015,2015,March,Korea,Martha,Gamma,Telecom,Telesales,581,,
3/12/2015,2015,March,Korea,Alex,Chi,Telecom,Partner,378,,
3/13/2015,2015,March,China,Mike,Gamma,Retail,Direct,340,,
3/13/2015,2015,March,Singapore,Jenny,Chi,Healthcare,Telesales,471,,
3/14/2015,2015,March,Canada,Alex,Alpha,Telecom,Telesales,766,,
3/16/2015,2015,March,Korea,Glen,Beta,Healthcare,Telesales,876,,
3/16/2015,2015,March,Singapore,Jenny,Gamma,Retail,Telesales,183,,
3/17/2015,2015,March,China,Chang,Gamma,Banking,Online,673,,
3/18/2015,2015,March,India,Glen,Gamma,Electronics,Online,505,,
3/18/2015,2015,March,Canada,Rose,Chi,Banking,Online,228,,
3/18/2015,2015,March,China,Rose,Beta,Electronics,Telesales,648,,
3/19/2015,2015,March,Korea,Mike,Chi,Banking,Telesales,379,,
3/20/2015,2015,March,Canada,Rose,Beta,Electronics,Direct,281,,
3/20/2015,2015,March,US,Jenny,Alpha,Retail,Direct,320,,
3/22/2015,2015,March,US,Martha,Chi,Electronics,Direct,833,,
3/26/2015,2015,March,Canada,Chang,Beta,Electronics,Telesales,593,,
3/28/2015,2015,March,Singapore,Mike,Chi,Healthcare,Partner,633,,
3/29/2015,2015,March,Korea,Rose,Gamma,Banking,Direct,277,,
3/29/2015,2015,March,China,Alex,Chi,Telecom,Direct,335,,
3/31/2015,2015,March,India,Martha,Alpha,Electronics,Online,981,,
3/31/2015,2015,March,Canada,Glen,Beta,Banking,Online,365,,
4/2/2015,2015,April,Malaysia,Glen,Beta,Banking,Telesales,560,,
4/2/2015,2015,April,Canada,Mike,Gamma,Healthcare,Online,579,,
4/3/2015,2015,April,Singapore,Rose,Beta,Healthcare,Telesales,846,,
4/3/2015,2015,April,Singapore,Martha,Alpha,Electronics,Telesales,525,,
4/3/2015,2015,April,Korea,Chang,Alpha,Telecom,Telesales,648,,
4/4/2015,2015,April,Singapore,Mike,Alpha,Electronics,Partner,572,,
4/4/2015,2015,April,Korea,Jenny,Beta,Healthcare,Partner,232,,
4/5/2015,2015,April,Singapore,Alex,Beta,Telecom,Online,724,,
4/6/2015,2015,April,Korea,Glen,Alpha,Telecom,Direct,531,,
4/6/2015,2015,April,Singapore,Martha,Chi,Retail,Partner,155,,
4/7/2015,2015,April,Malaysia,Rose,Gamma,Healthcare,Direct,221,,
4/7/2015,2015,April,India,Jenny,Gamma,Telecom,Online,588,,
4/7/2015,2015,April,China,Chang,Chi,Healthcare,Online,552,,
4/10/2015,2015,April,US,Glen,Chi,Healthcare,Telesales,512,,
4/11/2015,2015,April,Canada,Mike,Gamma,Healthcare,Partner,869,,
4/11/2015,2015,April,China,Rose,Gamma,Telecom,Online,403,,
4/13/2015,2015,April,China,Alex,Gamma,Telecom,Telesales,141,,
4/13/2015,2015,April,Korea,Martha,Alpha,Healthcare,Telesales,962,,
4/13/2015,2015,April,India,Glen,Beta,Healthcare,Partner,961,,
4/14/2015,2015,April,India,Alex,Alpha,Telecom,Telesales,844,,
4/14/2015,2015,April,India,Mike,Beta,Healthcare,Direct,492,,
4/21/2015,2015,April,Korea,Martha,Beta,Telecom,Partner,179,,
4/21/2015,2015,April,Malaysia,Jenny,Chi,Retail,Telesales,167,,
4/22/2015,2015,April,Malaysia,Rose,Gamma,Banking,Telesales,961,,
4/24/2015,2015,April,Singapore,Alex,Chi,Telecom,Direct,925,,
4/24/2015,2015,April,Korea,Chang,Alpha,Retail,Online,245,,
4/26/2015,2015,April,US,Mike,Beta,Healthcare,Telesales,757,,
4/26/2015,2015,April,US,Glen,Gamma,Electronics,Online,870,,
4/26/2015,2015,April,US,Rose,Chi,Healthcare,Partner,130,,
4/27/2015,2015,April,China,Rose,Alpha,Telecom,Direct,828,,
4/28/2015,2015,April,India,Jenny,Gamma,Healthcare,Telesales,747,,
4/28/2015,2015,April,China,Chang,Alpha,Electronics,Direct,925,,
4/28/2015,2015,April,India,Mike,Gamma,Healthcare,Direct,758,,
4/30/2015,2015,April,Canada,Chang,Beta,Healthcare,Direct,817,,
5/1/2015,2015,May,China,Jenny,Chi,Electronics,Online,635,,
5/1/2015,2015,May,China,Glen,Beta,Retail,Direct,953,,
5/1/2015,2015,May,China,Rose,Beta,Telecom,Telesales,779,,
5/3/2015,2015,May,Canada,Jenny,Chi,Electronics,Telesales,208,,
5/4/2015,2015,May,Malaysia,Jenny,Alpha,Electronics,Partner,772,,
5/4/2015,2015,May,Malaysia,Mike,Alpha,Banking,Online,320,,
5/5/2015,2015,May,Singapore,Jenny,Gamma,Telecom,Online,417,,
5/5/2015,2015,May,China,Martha,Gamma,Telecom,Online,800,,
5/6/2015,2015,May,Singapore,Martha,Gamma,Banking,Partner,999,,
5/6/2015,2015,May,Malaysia,Mike,Beta,Retail,Partner,607,,
5/6/2015,2015,May,Canada,Mike,Chi,Electronics,Online,332,,
5/8/2015,2015,May,China,Mike,Beta,Retail,Online,451,,
5/8/2015,2015,May,Singapore,Jenny,Chi,Electronics,Online,471,,
5/8/2015,2015,May,Korea,Martha,Beta,Electronics,Online,676,,
5/9/2015,2015,May,Korea,Jenny,Alpha,Electronics,Direct,894,,
5/10/2015,2015,May,Canada,Mike,Gamma,Telecom,Online,448,,
5/10/2015,2015,May,Malaysia,Chang,Chi,Banking,Online,663,,
5/11/2015,2015,May,China,Mike,Alpha,Banking,Direct,151,,
5/12/2015,2015,May,China,Martha,Alpha,Telecom,Online,419,,
5/12/2015,2015,May,US,Rose,Chi,Banking,Partner,923,,
5/13/2015,2015,May,Malaysia,Chang,Beta,Electronics,Direct,500,,
5/13/2015,2015,May,Malaysia,Jenny,Gamma,Electronics,Partner,491,,
5/14/2015,2015,May,Malaysia,Chang,Chi,Retail,Online,961,,
5/16/2015,2015,May,Malaysia,Mike,Alpha,Healthcare,Partner,216,,
5/18/2015,2015,May,US,Chang,Gamma,Healthcare,Partner,976,,
5/18/2015,2015,May,Korea,Chang,Gamma,Healthcare,Direct,796,,
5/21/2015,2015,May,China,Jenny,Alpha,Telecom,Telesales,248,,
5/22/2015,2015,May,Canada,Jenny,Chi,Healthcare,Online,655,,
5/24/2015,2015,May,US,Mike,Chi,Healthcare,Direct,560,,
5/24/2015,2015,May,Korea,Glen,Alpha,Banking,Partner,418,,
5/25/2015,2015,May,Canada,Rose,Alpha,Banking,Telesales,317,,
5/25/2015,2015,May,Korea,Mike,Chi,Healthcare,Partner,798,,
5/25/2015,2015,May,Canada,Mike,Gamma,Electronics,Partner,974,,
5/26/2015,2015,May,Canada,Jenny,Beta,Healthcare,Direct,266,,
5/27/2015,2015,May,China,Chang,Beta,Retail,Direct,849,,
5/28/2015,2015,May,US,Mike,Gamma,Healthcare,Direct,492,,
5/29/2015,2015,May,Korea,Chang,Alpha,Retail,Partner,184,,
5/29/2015,2015,May,Singapore,Jenny,Chi,Banking,Online,380,,
6/1/2015,2015,June,India,Alex,Gamma,Telecom,Online,494,,
6/2/2015,2015,June,China,Jenny,Chi,Electronics,Online,312,,
6/3/2015,2015,June,Canada,Alex,Alpha,Banking,Direct,839,,
6/5/2015,2015,June,US,Jenny,Chi,Healthcare,Direct,357,,
6/6/2015,2015,June,India,Rose,Gamma,Retail,Online,488,,
6/8/2015,2015,June,India,Martha,Chi,Banking,Direct,681,,
6/8/2015,2015,June,Malaysia,Jenny,Chi,Banking,Online,696,,
6/9/2015,2015,June,Singapore,Martha,Beta,Retail,Direct,631,,
6/12/2015,2015,June,Malaysia,Chang,Alpha,Telecom,Direct,371,,
6/12/2015,2015,June,US,Rose,Gamma,Retail,Online,581,,
6/13/2015,2015,June,Singapore,Chang,Gamma,Telecom,Telesales,653,,
6/15/2015,2015,June,Singapore,Martha,Alpha,Telecom,Telesales,184,,
6/16/2015,2015,June,Korea,Rose,Alpha,Retail,Telesales,885,,
6/16/2015,2015,June,Korea,Alex,Chi,Retail,Partner,370,,
6/16/2015,2015,June,China,Jenny,Gamma,Retail,Online,516,,
6/16/2015,2015,June,Canada,Chang,Chi,Electronics,Direct,900,,
6/19/2015,2015,June,India,Glen,Alpha,Healthcare,Online,683,,
6/21/2015,2015,June,Korea,Chang,Beta,Healthcare,Partner,824,,
6/24/2015,2015,June,China,Glen,Beta,Healthcare,Partner,333,,
6/24/2015,2015,June,China,Martha,Gamma,Electronics,Direct,283,,
6/27/2015,2015,June,India,Martha,Gamma,Retail,Online,589,,
6/28/2015,2015,June,China,Martha,Chi,Banking,Online,667,,
7/1/2015,2015,July,Korea,Mike,Alpha,Telecom,Partner,230,,
7/2/2015,2015,July,Canada,Glen,Chi,Healthcare,Direct,416,,
7/3/2015,2015,July,US,Chang,Alpha,Banking,Online,966,,
7/5/2015,2015,July,India,Mike,Gamma,Banking,Online,714,,
7/5/2015,2015,July,China,Martha,Chi,Retail,Telesales,297,,
7/7/2015,2015,July,China,Glen,Beta,Telecom,Online,254,,
7/8/2015,2015,July,Korea,Martha,Chi,Telecom,Direct,118,,
7/8/2015,2015,July,India,Mike,Alpha,Banking,Online,232,,
7/9/2015,2015,July,China,Glen,Beta,Electronics,Direct,933,,
7/9/2015,2015,July,India,Rose,Alpha,Retail,Online,118,,
7/11/2015,2015,July,Canada,Jenny,Chi,Banking,Partner,395,,
7/13/2015,2015,July,Malaysia,Martha,Beta,Telecom,Online,317,,
7/15/2015,2015,July,China,Alex,Gamma,Telecom,Partner,108,,
7/15/2015,2015,July,India,Mike,Chi,Electronics,Online,447,,
7/17/2015,2015,July,US,Jenny,Beta,Electronics,Partner,532,,
7/17/2015,2015,July,Singapore,Jenny,Beta,Electronics,Online,151,,
7/20/2015,2015,July,Canada,Martha,Chi,Electronics,Online,564,,
7/21/2015,2015,July,Singapore,Mike,Alpha,Retail,Direct,437,,
7/22/2015,2015,July,India,Jenny,Beta,Healthcare,Direct,127,,
7/23/2015,2015,July,Canada,Rose,Chi,Retail,Online,135,,
7/26/2015,2015,July,Korea,Chang,Beta,Retail,Online,368,,
7/26/2015,2015,July,India,Alex,Alpha,Electronics,Online,409,,
7/26/2015,2015,July,Canada,Rose,Beta,Telecom,Direct,169,,
7/27/2015,2015,July,Singapore,Jenny,Alpha,Telecom,Partner,266,,
7/27/2015,2015,July,Korea,Chang,Beta,Healthcare,Direct,494,,
7/27/2015,2015,July,Canada,Rose,Chi,Telecom,Online,551,,
7/30/2015,2015,July,US,Martha,Gamma,Healthcare,Partner,729,,
8/1/2015,2015,August,China,Jenny,Chi,Retail,Online,311,,
8/1/2015,2015,August,Korea,Mike,Gamma,Electronics,Partner,402,,
8/3/2015,2015,August,India,Glen,Chi,Electronics,Direct,471,,
8/5/2015,2015,August,Singapore,Chang,Alpha,Banking,Online,309,,
8/5/2015,2015,August,China,Chang,Beta,Banking,Online,680,,
8/7/2015,2015,August,Malaysia,Jenny,Gamma,Retail,Online,345,,
8/8/2015,2015,August,Malaysia,Rose,Gamma,Electronics,Direct,428,,
8/9/2015,2015,August,Malaysia,Martha,Gamma,Telecom,Telesales,794,,
8/13/2015,2015,August,Korea,Glen,Beta,Banking,Online,919,,
8/14/2015,2015,August,Malaysia,Chang,Beta,Healthcare,Partner,702,,
8/14/2015,2015,August,Korea,Alex,Gamma,Banking,Telesales,845,,
8/15/2015,2015,August,Malaysia,Alex,Chi,Telecom,Direct,617,,
8/15/2015,2015,August,India,Jenny,Alpha,Electronics,Online,290,,
8/16/2015,2015,August,China,Jenny,Chi,Banking,Online,181,,
8/16/2015,2015,August,Korea,Martha,Chi,Retail,Online,265,,
8/16/2015,2015,August,Singapore,Martha,Beta,Healthcare,Partner,833,,
8/16/2015,2015,August,China,Chang,Beta,Electronics,Telesales,962,,
8/17/2015,2015,August,India,Martha,Chi,Banking,Telesales,318,,
8/18/2015,2015,August,Malaysia,Glen,Gamma,Healthcare,Online,998,,
8/18/2015,2015,August,Canada,Mike,Alpha,Retail,Telesales,315,,
8/19/2015,2015,August,Canada,Glen,Chi,Banking,Partner,352,,
8/20/2015,2015,August,Canada,Mike,Beta,Telecom,Telesales,656,,
8/21/2015,2015,August,India,Mike,Beta,Banking,Online,636,,
8/22/2015,2015,August,India,Martha,Chi,Retail,Partner,720,,
8/27/2015,2015,August,US,Jenny,Beta,Banking,Telesales,552,,
8/28/2015,2015,August,Singapore,Alex,Gamma,Healthcare,Online,200,,
8/31/2015,2015,August,Singapore,Jenny,Alpha,Banking,Online,851,,
9/3/2015,2015,September,Canada,Jenny,Beta,Telecom,Partner,162,,
9/3/2015,2015,September,China,Glen,Chi,Healthcare,Direct,924,,
9/3/2015,2015,September,Singapore,Martha,Chi,Telecom,Online,781,,
9/5/2015,2015,September,India,Mike,Alpha,Banking,Partner,590,,
9/6/2015,2015,September,China,Jenny,Chi,Healthcare,Online,437,,
9/7/2015,2015,September,India,Chang,Alpha,Banking,Telesales,246,,
9/7/2015,2015,September,China,Rose,Alpha,Telecom,Online,824,,
9/10/2015,2015,September,Canada,Rose,Gamma,Banking,Partner,789,,
9/11/2015,2015,September,Malaysia,Rose,Beta,Healthcare,Partner,524,,
9/11/2015,2015,September,Canada,Mike,Alpha,Retail,Partner,389,,
9/11/2015,2015,September,Korea,Alex,Beta,Retail,Online,908,,
9/12/2015,2015,September,India,Chang,Alpha,Retail,Telesales,277,,
9/15/2015,2015,September,Canada,Rose,Chi,Telecom,Partner,218,,
9/16/2015,2015,September,Malaysia,Mike,Gamma,Healthcare,Online,811,,
9/18/2015,2015,September,Singapore,Rose,Alpha,Retail,Telesales,978,,
9/19/2015,2015,September,Malaysia,Jenny,Beta,Banking,Online,680,,
9/21/2015,2015,September,Canada,Alex,Gamma,Telecom,Partner,292,,
9/22/2015,2015,September,Canada,Glen,Alpha,Banking,Online,965,,
9/24/2015,2015,September,US,Alex,Gamma,Healthcare,Telesales,671,,
9/25/2015,2015,September,Canada,Mike,Gamma,Healthcare,Online,191,,
9/25/2015,2015,September,Korea,Chang,Gamma,Retail,Telesales,243,,
9/26/2015,2015,September,India,Martha,Alpha,Electronics,Telesales,944,,
9/26/2015,2015,September,Korea,Rose,Gamma,Telecom,Telesales,748,,
9/27/2015,2015,September,India,Glen,Chi,Healthcare,Online,791,,
9/27/2015,2015,September,India,Glen,Beta,Healthcare,Online,350,,
9/28/2015,2015,September,India,Martha,Beta,Telecom,Online,856,,
9/28/2015,2015,September,US,Chang,Gamma,Telecom,Online,530,,
10/2/2015,2015,October,India,Alex,Chi,Electronics,Online,672,,
10/2/2015,2015,October,India,Glen,Chi,Banking,Direct,351,,
10/2/2015,2015,October,China,Glen,Beta,Telecom,Partner,511,,
10/5/2015,2015,October,China,Chang,Gamma,Retail,Direct,875,,
10/6/2015,2015,October,Canada,Glen,Gamma,Electronics,Online,449,,
10/6/2015,2015,October,US,Martha,Chi,Banking,Direct,491,,
10/7/2015,2015,October,Singapore,Glen,Beta,Telecom,Partner,361,,
10/8/2015,2015,October,Canada,Jenny,Beta,Retail,Direct,577,,
10/10/2015,2015,October,Malaysia,Rose,Gamma,Healthcare,Telesales,393,,
10/12/2015,2015,October,China,Rose,Beta,Electronics,Telesales,256,,
10/12/2015,2015,October,Malaysia,Alex,Alpha,Healthcare,Partner,304,,
10/15/2015,2015,October,Korea,Mike,Alpha,Retail,Online,635,,
10/15/2015,2015,October,China,Alex,Beta,Banking,Direct,248,,
10/15/2015,2015,October,Canada,Martha,Gamma,Retail,Direct,859,,
10/19/2015,2015,October,US,Chang,Beta,Telecom,Direct,584,,
10/19/2015,2015,October,Singapore,Jenny,Chi,Electronics,Partner,473,,
10/21/2015,2015,October,Korea,Glen,Gamma,Retail,Online,949,,
10/22/2015,2015,October,Malaysia,Chang,Alpha,Retail,Online,801,,
10/27/2015,2015,October,China,Chang,Beta,Telecom,Direct,831,,
10/27/2015,2015,October,US,Jenny,Gamma,Banking,Direct,241,,
10/28/2015,2015,October,US,Jenny,Chi,Electronics,Online,545,,
11/1/2015,2015,November,Singapore,Glen,Chi,Electronics,Direct,627,,
11/2/2015,2015,November,Malaysia,Mike,Gamma,Retail,Telesales,972,,
11/2/2015,2015,November,Korea,Rose,Gamma,Banking,Direct,278,,
11/3/2015,2015,November,Canada,Rose,Beta,Banking,Direct,821,,
11/3/2015,2015,November,Malaysia,Martha,Chi,Electronics,Online,603,,
11/4/2015,2015,November,US,Martha,Gamma,Healthcare,Online,590,,
11/4/2015,2015,November,India,Rose,Alpha,Healthcare,Partner,618,,
11/4/2015,2015,November,India,Martha,Alpha,Healthcare,Online,569,,
11/5/2015,2015,November,India,Chang,Alpha,Retail,Telesales,159,,
11/6/2015,2015,November,Korea,Mike,Beta,Retail,Online,743,,
11/6/2015,2015,November,Korea,Rose,Beta,Retail,Telesales,600,,
11/8/2015,2015,November,US,Rose,Gamma,Healthcare,Online,762,,
11/9/2015,2015,November,Korea,Rose,Beta,Electronics,Partner,879,,
11/10/2015,2015,November,Malaysia,Martha,Chi,Healthcare,Telesales,411,,
11/11/2015,2015,November,Malaysia,Rose,Chi,Telecom,Partner,765,,
11/12/2015,2015,November,Singapore,Martha,Chi,Healthcare,Telesales,599,,
11/13/2015,2015,November,US,Glen,Alpha,Retail,Partner,595,,
11/13/2015,2015,November,Korea,Jenny,Beta,Electronics,Direct,957,,
11/13/2015,2015,November,Korea,Rose,Alpha,Healthcare,Direct,754,,
11/13/2015,2015,November,India,Rose,Alpha,Banking,Partner,110,,
11/14/2015,2015,November,India,Chang,Chi,Retail,Telesales,493,,
11/14/2015,2015,November,Malaysia,Martha,Chi,Electronics,Direct,326,,
11/15/2015,2015,November,Singapore,Jenny,Chi,Healthcare,Partner,118,,
11/18/2015,2015,November,US,Glen,Chi,Healthcare,Partner,347,,
11/18/2015,2015,November,Korea,Jenny,Gamma,Retail,Partner,674,,
11/19/2015,2015,November,China,Mike,Chi,Retail,Telesales,137,,
11/19/2015,2015,November,Canada,Mike,Beta,Electronics,Online,240,,
11/20/2015,2015,November,Korea,Glen,Beta,Healthcare,Online,457,,
11/20/2015,2015,November,Malaysia,Jenny,Chi,Banking,Telesales,309,,
11/22/2015,2015,November,Korea,Glen,Chi,Banking,Telesales,756,,
11/22/2015,2015,November,Korea,Mike,Chi,Healthcare,Telesales,416,,
11/23/2015,2015,November,India,Glen,Gamma,Banking,Partner,234,,
11/23/2015,2015,November,Canada,Glen,Chi,Telecom,Telesales,579,,
11/24/2015,2015,November,India,Jenny,Gamma,Electronics,Online,623,,
11/26/2015,2015,November,Malaysia,Rose,Gamma,Healthcare,Direct,351,,
11/26/2015,2015,November,Malaysia,Martha,Alpha,Electronics,Online,510,,
11/27/2015,2015,November,US,Martha,Alpha,Healthcare,Direct,468,,
11/28/2015,2015,November,Canada,Chang,Beta,Banking,Online,186,,
11/28/2015,2015,November,India,Jenny,Beta,Banking,Online,576,,
11/28/2015,2015,November,Korea,Jenny,Beta,Retail,Telesales,682,,
11/28/2015,2015,November,Malaysia,Jenny,Alpha,Retail,Direct,243,,
12/2/2015,2015,December,Korea,Mike,Chi,Telecom,Telesales,232,,
12/3/2015,2015,December,US,Alex,Alpha,Healthcare,Online,261,,
12/3/2015,2015,December,US,Alex,Alpha,Banking,Telesales,521,,
12/3/2015,2015,December,Malaysia,Chang,Chi,Banking,Partner,932,,
12/5/2015,2015,December,Canada,Rose,Alpha,Telecom,Telesales,334,,
12/5/2015,2015,December,Malaysia,Alex,Beta,Banking,Online,151,,
12/5/2015,2015,December,China,Jenny,Alpha,Retail,Telesales,312,,
12/6/2015,2015,December,India,Alex,Chi,Banking,Telesales,838,,
12/6/2015,2015,December,Malaysia,Martha,Beta,Banking,Telesales,181,,
12/7/2015,2015,December,Singapore,Chang,Gamma,Electronics,Partner,919,,
12/9/2015,2015,December,Singapore,Mike,Chi,Healthcare,Direct,745,,
12/10/2015,2015,December,Singapore,Chang,Beta,Banking,Direct,607,,
12/12/2015,2015,December,Canada,Martha,Beta,Healthcare,Telesales,380,,
12/13/2015,2015,December,US,Martha,Chi,Telecom,Online,207,,
12/14/2015,2015,December,Singapore,Chang,Alpha,Healthcare,Telesales,104,,
12/14/2015,2015,December,Malaysia,Rose,Chi,Electronics,Partner,205,,
12/17/2015,2015,December,China,Jenny,Alpha,Healthcare,Online,485,,
12/18/2015,2015,December,US,Jenny,Beta,Healthcare,Direct,728,,
12/18/2015,2015,December,Korea,Martha,Alpha,Banking,Direct,142,,
12/19/2015,2015,December,Canada,Mike,Beta,Healthcare,Partner,381,,
12/20/2015,2015,December,Singapore,Jenny,Alpha,Healthcare,Online,577,,
12/20/2015,2015,December,Singapore,Jenny,Beta,Electronics,Direct,395,,
12/20/2015,2015,December,US,Alex,Alpha,Healthcare,Direct,449,,
12/23/2015,2015,December,US,Chang,Beta,Retail,Online,383,,
12/23/2015,2015,December,India,Mike,Chi,Banking,Online,351,,
12/23/2015,2015,December,Singapore,Glen,Alpha,Telecom,Telesales,365,,
12/24/2015,2015,December,US,Glen,Gamma,Electronics,Online,251,,
12/25/2015,2015,December,US,Jenny,Chi,Banking,Partner,761,,
12/27/2015,2015,December,Singapore,Jenny,Chi,Retail,Telesales,880,,
12/27/2015,2015,December,US,Glen,Gamma,Retail,Online,659,,
12/28/2015,2015,December,US,Alex,Gamma,Retail,Online,392,,
12/30/2015,2015,December,China,Glen,Chi,Electronics,Partner,386,,
12/30/2015,2015,December,China,Glen,Gamma,Healthcare,Partner,976,,
